N,P,K,temperature,humidity,ph,rainfall,label
63.6,41.1,43.1,21.69,67.29,6.49,61.63,chilli
39.8,58.4,22.9,25.35,70.8,6.73,78.34,blackgram
124.7,63.1,52.4,29.47,74.16,6.02,163.32,sugarcane
23.1,18.1,34.7,32.14,49.24,6.06,91.97,mango
20.3,69.2,21.3,16.83,61.39,6.21,44.14,lentil
37.6,64.0,75.5,15.1,24.48,6.13,81.6,chickpea
118.0,42.8,36.4,22.94,43.41,6.03,33.02,wheat
80.6,37.7,28.7,24.56,56.27,6.71,85.57,maize
103.9,49.4,20.9,25.91,70.94,6.58,72.31,cotton
97.6,17.1,27.3,22.68,69.69,6.12,148.83,coffee
28.6,57.4,80.1,18.41,23.5,7.23,63.17,chickpea
82.6,53.4,49.6,28.02,70.34,6.32,145.88,turmeric
22.4,65.1,22.6,24.28,62.35,5.91,159.88,pigeonpeas
109.7,16.1,50.2,30.56,92.99,6.76,28.2,muskmelon
63.3,36.2,52.8,24.76,63.92,6.55,91.58,chilli
93.4,77.5,52.3,28.83,83.98,5.59,107.82,banana
21.0,13.0,10.9,20.76,90.39,6.08,115.42,orange
93.7,13.6,52.2,27.59,91.15,6.65,27.2,muskmelon
105.6,42.2,48.7,26.54,89.08,6.81,189.51,rice
10.8,37.5,16.5,25.32,39.68,8.11,48.65,mothbeans
76.0,45.1,47.3,21.72,71.93,6.88,186.88,turmeric
62.3,42.8,41.4,24.13,61.48,6.56,109.66,chilli
92.1,15.4,52.0,31.81,87.75,6.65,54.1,watermelon
23.4,61.6,16.2,18.54,22.66,6.25,103.4,kidneybeans
16.4,63.5,21.7,18.74,19.07,6.42,63.36,kidneybeans
21.7,68.9,24.0,15.46,23.57,5.79,78.74,kidneybeans
105.3,49.0,24.0,26.6,77.73,7.38,79.63,cotton
109.0,48.6,24.6,27.46,70.62,7.34,85.5,cotton
25.8,74.4,21.0,18.52,22.05,5.71,92.84,kidneybeans
31.9,62.6,20.5,24.45,60.14,6.26,70.0,blackgram
49.1,59.4,54.3,35.15,94.33,6.22,125.7,papaya
21.9,49.6,46.2,25.93,72.53,6.33,72.52,soybean
95.8,71.6,53.4,27.16,78.97,5.99,109.83,banana
109.3,12.8,51.1,27.97,94.65,6.46,22.61,muskmelon
22.5,17.1,28.1,25.22,94.14,6.25,151.39,coconut
22.7,41.7,38.9,23.52,71.68,6.47,91.06,soybean
21.4,45.0,20.1,27.99,39.26,3.65,63.63,mothbeans
21.9,125.9,205.1,15.32,84.07,6.07,73.68,grapes
18.3,16.5,32.9,28.73,94.01,6.12,185.88,coconut
17.8,13.2,29.4,25.82,91.49,5.91,131.37,coconut
117.9,41.7,49.7,22.69,85.21,6.65,169.26,rice
25.8,59.3,19.5,17.28,20.37,5.95,80.8,kidneybeans
108.7,51.9,22.8,28.28,78.1,5.51,98.17,cotton
19.7,120.2,204.2,24.73,92.39,5.51,108.61,apple
24.8,29.5,32.1,25.46,60.8,6.2,66.09,groundnut
21.6,21.8,32.2,32.24,54.97,5.89,93.37,mango
53.7,56.8,52.1,31.36,88.1,6.61,89.09,papaya
96.9,14.1,51.5,28.1,81.61,6.22,52.52,watermelon
24.2,36.5,26.5,26.53,62.54,6.52,64.57,groundnut
21.9,69.9,22.7,21.05,61.13,6.11,55.5,lentil
94.3,13.3,48.6,25.75,87.53,6.53,54.95,watermelon
17.5,19.7,31.8,33.59,48.97,5.65,95.23,mango
17.6,54.8,20.5,27.12,44.1,7.63,64.53,mothbeans
48.3,62.4,19.1,28.5,63.32,6.22,65.22,blackgram
100.2,58.7,24.0,18.18,53.05,5.75,93.47,maize
53.3,55.5,46.5,33.23,85.37,6.68,113.37,papaya
101.3,81.3,46.9,31.92,83.82,5.99,99.27,banana
92.4,17.8,34.9,22.4,64.91,6.58,185.25,coffee
17.1,15.4,8.8,20.23,91.29,6.72,114.6,orange
27.9,30.8,33.6,25.14,69.56,6.26,53.61,groundnut
22.0,10.0,39.8,19.06,87.26,6.68,90.19,pomegranate
72.7,51.3,46.3,28.93,70.43,6.45,149.48,turmeric
24.7,52.9,37.2,20.82,76.85,6.51,92.18,soybean
22.3,15.2,32.8,26.0,98.72,6.73,214.42,coconut
23.8,63.9,81.4,17.34,22.76,6.07,82.34,chickpea
24.6,124.0,200.8,23.25,90.87,6.28,107.1,apple
106.9,24.4,34.5,24.09,53.21,6.5,198.28,coffee
120.5,54.8,62.7,27.81,76.26,6.63,225.65,sugarcane
19.2,17.0,35.8,22.29,91.16,6.28,96.2,pomegranate
20.7,53.5,21.4,30.35,45.26,4.29,45.02,mothbeans
100.0,43.6,58.3,30.71,75.97,6.46,241.35,rice
31.7,53.6,31.1,25.07,76.7,6.86,81.1,soybean
22.5,34.4,22.0,22.8,51.06,6.07,77.12,groundnut
116.4,43.7,31.4,17.12,58.91,6.36,56.12,wheat
101.2,19.6,25.3,22.01,55.25,6.96,206.74,coffee
16.3,15.6,10.0,21.52,90.98,6.92,114.71,orange
21.6,13.1,30.8,27.19,98.92,5.98,147.33,coconut
63.9,49.0,57.1,21.01,70.4,7.49,130.37,turmeric
98.2,24.1,29.1,25.33,64.2,6.76,150.95,coffee
36.4,67.0,21.7,26.57,64.53,6.21,73.2,blackgram
114.7,59.6,24.1,17.08,50.69,6.28,33.26,wheat
16.5,11.5,30.3,27.73,95.78,5.79,191.34,coconut
64.6,59.1,64.3,24.71,81.49,6.67,120.13,turmeric
74.6,55.5,39.3,18.97,50.51,6.12,93.87,maize
33.0,68.2,86.5,15.71,16.66,6.46,82.47,chickpea
21.7,124.0,205.0,16.61,81.43,6.18,73.39,grapes
15.2,18.6,11.1,17.39,93.61,6.99,110.78,orange
23.8,39.8,25.7,25.12,61.45,6.81,54.0,groundnut
106.3,70.4,45.6,31.32,79.43,5.63,117.15,banana
52.1,58.7,53.5,31.93,86.38,6.15,43.55,papaya
112.5,52.8,34.3,23.66,47.81,6.46,31.57,wheat
22.2,44.8,36.8,20.54,66.67,6.79,107.18,soybean
27.5,68.4,15.9,29.82,38.52,5.97,147.64,pigeonpeas
19.9,14.4,9.2,21.97,90.95,6.28,106.95,orange
76.1,35.9,52.2,20.23,63.74,6.62,111.58,chilli
108.2,17.0,51.5,30.04,85.47,6.6,51.64,watermelon
11.1,36.2,19.4,27.87,36.12,7.44,47.81,mothbeans
107.6,49.8,23.7,12.9,59.26,6.43,36.99,wheat
49.1,59.5,46.8,32.72,92.13,6.16,90.02,papaya
27.2,62.9,16.1,21.2,65.92,6.55,53.63,lentil
15.0,37.5,18.7,31.12,52.3,9.32,49.67,mothbeans
109.3,12.9,46.8,29.46,81.87,6.17,47.71,watermelon
15.4,68.6,23.4,27.1,57.7,4.84,121.56,pigeonpeas
118.8,57.2,40.2,29.21,83.63,6.31,190.02,rice
24.1,24.1,25.7,30.1,48.97,5.99,90.52,mango
18.0,17.8,29.9,32.57,45.98,6.8,87.69,mango
109.0,58.7,48.1,27.96,77.59,6.79,179.07,sugarcane
18.4,57.2,23.5,18.68,23.34,6.07,100.36,kidneybeans
27.4,70.2,21.8,20.38,65.77,6.27,48.28,lentil
109.4,45.3,19.7,27.87,76.32,7.42,91.93,cotton
70.2,53.8,35.4,18.96,58.5,5.85,107.9,maize
82.6,56.2,34.4,20.7,56.19,6.32,80.12,maize
49.1,62.9,22.7,24.24,64.1,7.49,69.81,blackgram
75.5,36.3,38.5,26.4,80.53,6.12,185.49,jute
40.0,74.5,15.5,27.5,72.58,6.51,75.38,blackgram
100.3,15.6,26.2,23.52,51.32,6.67,200.36,coffee
22.2,35.0,24.6,26.57,86.46,7.36,42.24,mungbean
20.5,124.7,199.7,23.07,91.83,6.0,104.21,apple
83.9,51.8,42.6,23.51,67.64,6.88,90.62,chilli
85.4,49.4,25.1,24.38,50.03,7.35,86.92,maize
99.5,21.5,33.9,24.5,59.84,6.69,159.58,coffee
28.2,39.1,25.4,27.73,66.43,6.02,88.67,groundnut
20.9,49.9,18.4,31.51,87.55,6.3,52.73,mungbean
90.9,12.1,54.1,26.89,84.7,6.45,40.7,watermelon
22.5,31.1,16.4,26.66,84.74,6.69,55.16,mungbean
18.8,15.4,27.0,29.98,45.14,5.98,101.66,mango
61.3,47.1,57.6,28.71,82.77,5.81,129.21,turmeric
99.7,59.8,31.1,24.94,41.53,6.16,53.0,wheat
117.3,57.6,57.6,25.7,73.15,6.75,255.53,rice
77.7,43.2,37.3,26.7,55.58,6.78,79.98,maize
78.8,40.5,28.7,18.26,56.72,6.86,80.22,maize
100.3,10.1,53.3,28.24,90.47,6.54,28.21,muskmelon
19.1,51.1,20.1,22.35,45.82,4.64,181.49,pigeonpeas
18.4,16.8,35.5,18.8,92.84,6.46,92.48,pomegranate
16.6,11.6,39.7,21.25,90.36,6.96,94.15,pomegranate
33.3,41.3,40.2,27.51,72.9,6.51,84.93,soybean
78.3,51.1,42.7,27.85,74.12,6.64,176.15,jute
21.9,121.2,203.1,22.38,93.15,5.95,106.69,apple
13.9,40.2,19.5,31.97,38.57,9.46,52.28,mothbeans
22.0,127.4,203.5,21.4,90.9,5.63,111.52,apple
16.9,23.3,33.4,29.0,49.56,6.88,99.09,mango
16.8,21.3,25.0,29.19,52.61,5.75,100.29,mango
32.3,43.8,40.7,27.9,66.55,6.05,99.78,soybean
48.7,74.2,16.2,32.0,67.18,6.36,72.09,blackgram
23.1,46.6,17.2,25.98,87.55,7.31,42.05,mungbean
72.6,45.2,30.9,21.74,54.14,6.34,105.24,maize
127.2,52.9,56.8,31.61,81.74,6.23,158.11,sugarcane
15.5,137.0,203.3,16.71,81.79,6.31,71.22,grapes
92.7,22.6,32.0,25.34,50.81,6.33,149.26,coffee
107.2,15.0,49.2,27.75,90.48,6.38,26.15,muskmelon
78.2,53.8,41.1,23.26,73.6,6.5,197.51,jute
35.9,57.6,42.4,23.4,78.75,6.78,82.7,soybean
23.5,57.7,44.4,23.4,71.09,6.18,61.07,soybean
104.4,47.9,24.1,27.72,71.55,5.65,82.85,cotton
77.3,47.4,38.7,24.23,81.18,6.07,185.47,jute
19.4,40.8,24.6,27.86,54.14,7.95,47.44,mothbeans
22.0,18.2,44.9,21.38,86.32,6.07,97.66,pomegranate
24.7,10.8,36.0,19.07,93.2,6.07,101.36,pomegranate
16.2,66.9,16.0,28.79,59.23,6.71,94.15,pigeonpeas
19.6,16.6,38.6,18.51,90.34,6.22,98.59,pomegranate
22.7,38.2,21.1,25.3,89.91,7.11,47.48,mungbean
47.5,61.9,54.1,34.37,92.18,6.1,52.56,papaya
104.9,74.8,54.8,26.18,83.85,5.59,111.27,banana
15.5,40.2,22.7,30.13,89.78,6.97,50.51,mungbean
94.4,86.9,53.0,27.48,83.39,6.35,95.28,banana
106.5,54.5,20.8,23.1,82.55,7.09,90.57,cotton
23.1,53.3,22.0,25.1,86.16,6.88,46.06,mungbean
18.0,12.6,9.5,15.01,93.19,6.57,103.71,orange
34.9,56.6,84.1,17.71,17.51,6.18,65.78,chickpea
33.8,60.4,21.7,28.82,73.1,6.28,75.23,blackgram
26.9,67.9,19.5,29.34,52.81,5.3,142.32,pigeonpeas
21.9,128.3,197.6,20.47,82.37,6.11,71.95,grapes
50.5,57.9,46.3,33.56,87.74,6.42,97.71,papaya
16.7,34.1,19.6,26.06,81.86,7.1,59.77,mungbean
99.8,71.8,47.3,26.53,80.26,5.5,117.54,banana
21.7,129.7,202.4,24.45,91.91,5.79,112.63,apple
97.8,18.0,50.5,31.68,81.44,6.68,53.71,watermelon
17.7,134.3,202.3,21.16,90.75,5.99,106.84,apple
85.8,52.3,49.1,25.72,70.92,7.06,93.66,chilli
20.5,16.6,29.7,26.32,93.85,6.89,205.6,coconut
20.9,18.4,32.0,29.31,93.12,6.73,194.16,coconut
28.5,49.4,38.2,28.05,66.34,6.38,68.98,soybean
105.8,35.7,24.2,28.0,80.9,6.63,62.46,cotton
95.5,19.2,34.1,24.14,55.8,6.53,214.91,coffee
24.7,19.4,33.3,29.16,49.17,6.47,88.76,mango
106.5,21.8,28.0,26.11,63.77,6.1,186.4,coffee
17.5,132.8,197.0,24.44,94.32,5.72,102.26,apple
24.4,31.8,31.5,23.44,50.37,6.7,84.51,groundnut
25.8,43.9,41.7,27.66,60.88,6.03,69.89,soybean
24.7,33.9,33.7,22.52,56.1,6.34,50.79,groundnut
22.4,13.2,37.7,18.6,87.03,6.78,101.69,pomegranate
24.6,44.9,20.0,31.39,45.58,8.71,58.18,mothbeans
82.6,48.6,46.3,20.65,57.56,6.1,75.58,chilli
87.3,45.2,50.6,25.28,83.01,6.9,144.62,turmeric
97.6,80.9,46.0,28.36,83.64,6.15,110.61,banana
16.9,24.5,34.2,30.23,47.28,6.59,87.62,mango
103.7,19.1,50.0,28.0,93.68,6.7,22.07,muskmelon
106.6,19.0,52.7,30.25,92.61,6.3,20.43,muskmelon
88.4,58.9,57.5,25.15,83.11,6.09,287.18,rice
20.8,24.4,25.7,34.12,50.0,6.8,92.63,mango
21.8,10.7,42.0,23.84,93.46,6.06,91.72,pomegranate
27.9,46.1,47.8,25.71,78.71,6.37,87.53,soybean
29.4,57.3,24.4,16.56,63.12,6.46,44.14,lentil
15.9,62.0,17.8,20.93,63.24,6.7,45.79,lentil
99.6,14.8,47.1,27.81,94.17,6.02,20.43,muskmelon
19.3,47.9,18.5,27.54,82.56,6.72,45.05,mungbean
37.7,55.5,32.9,23.09,66.86,6.37,60.4,soybean
15.7,38.6,15.6,31.95,89.35,6.1,63.34,mungbean
35.9,41.2,36.2,24.36,79.19,6.75,75.56,soybean
21.7,139.6,203.0,24.58,82.52,6.49,68.22,grapes
73.7,45.6,25.5,18.03,65.42,6.77,73.1,maize
15.3,55.0,17.7,31.84,58.44,3.99,55.94,mothbeans
63.8,64.8,50.7,20.93,73.79,6.54,175.7,turmeric
25.1,34.9,30.3,26.58,59.52,6.85,70.27,groundnut
17.6,124.6,209.8,17.96,82.32,6.07,66.75,grapes
34.3,72.3,15.6,28.03,64.34,7.22,74.63,blackgram
22.1,17.0,36.6,25.62,90.23,6.78,104.42,pomegranate
79.5,47.5,51.0,27.37,71.33,7.47,180.54,turmeric
91.8,80.9,46.8,31.2,78.69,5.95,97.9,banana
102.3,79.7,45.3,31.6,76.65,6.39,94.71,banana
87.7,47.1,42.9,27.47,82.23,6.17,198.51,jute
29.0,40.1,33.9,20.82,71.44,6.03,96.87,soybean
32.1,65.8,74.5,20.23,19.51,6.66,85.8,chickpea
17.5,10.7,11.1,18.23,94.62,6.13,113.43,orange
93.7,10.7,50.1,27.33,85.37,6.09,43.32,watermelon
17.6,130.7,191.0,24.95,83.31,6.46,65.2,grapes
96.9,14.5,50.9,28.15,91.93,6.09,22.02,muskmelon
103.5,75.2,54.9,25.22,79.04,5.95,112.44,banana
107.1,16.9,25.7,27.05,59.51,6.68,154.34,coffee
16.9,21.8,31.3,28.99,51.94,6.02,87.58,mango
19.3,14.5,41.1,20.47,92.42,6.74,92.39,pomegranate
105.5,13.7,47.2,30.18,87.33,6.29,46.97,watermelon
108.7,43.1,45.9,31.69,81.58,6.31,262.2,rice
32.7,59.8,71.8,18.48,18.33,7.01,85.73,chickpea
54.7,64.1,48.3,32.34,87.07,6.11,99.55,papaya
18.5,18.2,9.7,23.68,94.35,6.34,113.06,orange
104.8,18.6,52.4,28.49,82.38,6.78,51.98,watermelon
108.5,14.4,45.6,28.11,90.4,6.03,23.84,muskmelon
109.6,13.2,52.0,28.17,88.3,6.83,43.95,watermelon
16.0,17.5,40.9,21.07,94.63,6.31,92.8,pomegranate
17.6,13.7,10.4,15.71,94.65,6.31,109.83,orange
116.0,39.4,23.0,25.41,82.17,7.46,87.14,cotton
87.6,41.9,48.6,26.24,79.34,6.59,251.0,rice
106.0,50.9,44.4,27.89,86.19,5.51,270.87,rice
15.4,135.7,199.8,22.98,91.86,5.59,103.15,apple
78.4,47.0,35.3,26.92,67.93,6.0,88.59,chilli
19.4,17.9,30.4,26.65,96.63,5.62,213.78,coconut
31.5,52.7,35.1,24.21,74.49,6.44,72.16,soybean
98.6,10.0,47.5,25.77,87.4,6.44,52.6,watermelon
19.5,19.5,27.2,27.12,91.12,6.68,200.0,coconut
75.6,50.9,53.0,26.81,73.84,6.11,174.27,turmeric
17.9,124.6,195.1,21.87,92.06,6.06,107.9,apple
39.5,60.5,75.7,16.01,16.94,6.34,65.38,chickpea
92.6,40.4,34.0,24.9,53.36,6.71,97.4,maize
36.3,57.1,15.1,26.47,65.4,6.4,62.65,blackgram
19.2,40.0,23.7,25.28,39.82,7.25,47.82,mothbeans
99.8,19.9,54.0,31.34,92.45,6.79,29.16,muskmelon
19.2,58.2,18.4,26.37,57.62,6.12,97.25,pigeonpeas
24.1,37.6,29.9,29.53,63.81,6.79,59.59,groundnut
24.2,14.7,29.6,29.79,97.1,6.2,150.85,coconut
17.6,54.3,17.2,26.82,31.52,6.72,62.06,mothbeans
24.1,19.6,28.2,32.73,52.79,6.23,97.62,mango
89.2,39.2,42.5,24.58,77.05,6.27,184.01,jute
94.8,20.7,26.0,25.47,50.28,6.22,155.32,coffee
19.0,35.3,20.2,25.94,34.31,6.29,55.37,mothbeans
54.8,60.0,53.1,33.01,93.79,6.71,129.63,papaya
21.0,15.0,8.9,17.9,91.97,6.2,101.65,orange
16.7,74.3,16.4,24.67,24.02,6.22,109.0,kidneybeans
24.4,136.8,199.7,20.08,84.61,6.12,70.79,grapes
17.6,45.7,21.2,30.73,81.48,7.02,40.79,mungbean
103.4,47.6,32.8,15.02,51.75,7.48,36.98,wheat
103.3,16.1,52.6,29.71,90.21,6.39,26.21,muskmelon
107.4,48.1,35.6,18.99,46.52,6.03,53.56,wheat
24.0,67.2,20.9,18.83,68.46,6.62,56.27,lentil
22.6,68.1,18.5,28.18,58.66,6.54,115.99,pigeonpeas
22.9,16.0,29.3,26.26,95.09,6.33,170.5,coconut
19.3,65.0,19.5,25.48,40.83,6.52,141.59,pigeonpeas
70.5,44.1,42.7,29.12,78.11,6.79,168.52,jute
104.9,11.5,49.6,26.65,80.88,6.05,51.91,watermelon
67.0,49.4,63.2,23.39,75.05,7.18,165.7,turmeric
100.9,11.7,51.5,28.83,93.27,6.67,25.17,muskmelon
75.5,38.9,43.0,27.8,89.37,6.47,158.82,jute
16.1,135.2,194.4,18.41,84.15,6.68,67.92,grapes
111.3,48.1,28.1,19.54,53.11,6.71,45.38,wheat
18.9,15.4,32.1,31.58,46.9,6.59,89.45,mango
96.8,20.9,34.9,22.74,66.76,6.73,162.28,coffee
110.0,19.9,26.1,24.63,63.17,6.09,151.47,coffee
51.3,56.2,46.3,29.62,91.23,6.2,90.45,papaya
22.1,10.9,44.2,25.18,90.2,6.7,97.45,pomegranate
25.4,31.6,16.2,26.45,84.05,6.75,62.38,mungbean
88.3,46.7,51.3,29.82,64.11,5.62,175.92,turmeric
54.3,55.9,48.0,30.95,88.79,6.05,87.01,papaya
109.2,44.0,46.2,31.95,83.0,6.16,227.64,rice
74.1,54.6,37.4,23.79,79.57,6.94,179.01,jute
101.0,10.1,47.5,28.96,87.81,6.87,52.45,watermelon
93.3,71.5,53.5,27.06,78.19,6.45,92.23,banana
18.9,137.0,206.0,21.49,83.98,6.08,71.96,grapes
105.2,17.0,46.0,27.67,92.39,6.19,28.59,muskmelon
112.6,54.2,15.9,26.28,84.41,5.66,78.39,cotton
24.2,63.2,73.1,16.74,15.75,6.0,73.52,chickpea
70.7,41.3,38.4,25.61,80.8,6.16,165.08,jute
14.4,35.9,17.0,24.34,58.0,6.85,64.73,mothbeans
85.4,35.7,40.3,26.35,85.96,6.82,172.62,jute
23.6,14.4,35.0,25.66,87.02,6.69,92.64,pomegranate
103.8,58.2,56.4,26.03,70.1,6.12,200.34,sugarcane
111.9,41.7,16.2,23.13,76.23,6.89,82.14,cotton
79.3,47.7,43.6,23.49,87.87,6.33,151.64,jute
100.1,56.3,39.1,21.77,64.95,6.59,90.16,maize
63.9,50.9,59.2,29.6,80.83,6.85,173.46,turmeric
19.2,24.9,29.4,34.98,51.27,6.75,90.16,mango
137.1,45.8,52.1,29.67,74.7,6.74,234.58,sugarcane
64.8,45.6,60.9,25.93,66.03,7.05,172.65,turmeric
100.5,20.3,30.5,26.54,52.28,6.46,146.11,coffee
104.0,10.7,54.3,24.85,87.87,6.3,41.3,watermelon
91.8,55.9,31.7,19.33,52.55,6.12,104.95,maize
19.8,16.9,26.4,30.12,99.84,6.98,200.1,coconut
34.1,73.3,20.5,30.2,65.71,6.8,67.19,blackgram
100.2,14.0,50.0,29.3,88.48,6.81,49.21,watermelon
104.6,55.3,25.3,25.09,52.16,7.24,102.93,maize
104.7,14.8,48.6,25.75,84.88,6.06,45.54,watermelon
95.6,15.2,30.4,24.67,63.43,6.09,180.94,coffee
107.7,10.8,45.8,24.15,85.07,6.03,48.73,watermelon
72.7,40.1,37.3,20.99,58.36,6.22,75.33,chilli
139.8,60.3,48.0,30.82,78.15,7.2,155.32,sugarcane
16.5,15.0,8.9,15.51,93.66,6.59,108.91,orange
27.3,70.9,19.1,20.49,66.33,6.24,53.17,lentil
101.8,56.5,38.0,19.89,54.99,5.71,99.01,maize
29.5,60.8,21.9,20.4,65.76,6.24,47.52,lentil
21.5,32.5,32.7,28.3,66.81,6.54,61.49,groundnut
34.1,66.2,77.7,21.64,23.21,7.47,74.86,chickpea
16.3,46.7,16.8,25.12,83.24,6.37,46.52,mungbean
11.8,52.1,19.5,31.19,43.35,4.07,57.05,mothbeans
21.3,69.8,16.5,19.15,18.69,5.99,80.41,kidneybeans
19.1,15.5,28.7,31.85,95.68,6.56,140.18,coconut
96.0,56.2,30.5,23.83,57.58,6.69,47.28,wheat
101.8,53.8,21.6,28.68,84.26,6.78,88.32,cotton
17.6,55.0,19.4,24.15,48.3,4.9,131.01,pigeonpeas
104.0,59.6,33.9,20.81,59.45,7.04,39.96,wheat
21.0,68.8,79.6,23.22,19.01,6.11,78.88,chickpea
14.8,44.3,17.7,25.98,32.9,5.39,49.6,mothbeans
102.0,88.4,54.7,26.55,80.66,6.44,94.22,banana
101.5,11.6,51.3,27.2,92.86,6.04,22.58,muskmelon
16.0,128.2,201.1,15.0,80.45,6.42,71.19,grapes
16.0,28.1,26.2,28.59,62.92,6.26,74.05,groundnut
16.6,134.7,198.9,21.89,91.31,5.92,104.79,apple
97.9,48.4,45.6,24.5,88.47,6.16,279.2,rice
29.5,71.1,18.7,22.91,18.1,6.04,82.74,kidneybeans
18.6,14.6,10.7,23.83,90.83,6.27,108.03,orange
39.6,48.5,31.5,22.5,63.29,6.31,91.3,soybean
24.0,22.1,30.0,34.2,53.0,6.52,97.41,mango
103.2,48.7,37.9,24.69,59.49,6.02,72.36,maize
88.4,43.1,40.0,24.02,79.16,6.32,150.21,jute
99.4,50.6,45.8,24.24,73.23,6.68,60.06,chilli
115.5,42.7,18.3,22.48,84.33,6.03,77.62,cotton
65.2,49.1,52.3,21.18,59.25,6.71,104.79,chilli
113.9,52.1,56.1,29.3,80.72,6.96,206.78,rice
110.0,47.6,34.9,23.13,47.93,6.02,33.44,wheat
22.7,15.1,34.1,32.18,51.01,5.51,90.05,mango
94.3,44.3,20.7,20.78,44.32,7.05,55.1,wheat
20.0,50.7,20.3,29.67,83.0,7.22,49.21,mungbean
17.0,48.9,21.3,30.49,31.89,8.55,51.44,mothbeans
43.5,71.1,24.1,24.86,61.44,6.22,63.84,blackgram
15.5,19.0,44.5,21.96,86.13,6.5,101.88,pomegranate
74.8,46.2,35.1,28.12,89.0,6.13,164.79,jute
29.5,65.1,19.9,22.53,64.16,6.84,49.77,lentil
93.6,19.6,51.0,29.82,90.09,6.58,26.62,muskmelon
21.5,34.7,20.6,23.27,52.73,6.26,82.14,groundnut
18.7,17.1,11.3,17.66,90.2,6.11,106.08,orange
28.0,61.3,19.0,19.99,52.16,4.58,172.07,pigeonpeas
111.9,56.6,23.4,14.17,48.31,6.16,39.81,wheat
88.6,42.6,58.7,27.71,79.45,6.68,271.12,rice
65.7,46.8,36.0,28.94,72.78,6.32,109.15,chilli
24.6,123.0,203.1,20.88,92.5,6.5,116.99,apple
106.0,85.9,54.9,30.47,78.59,6.04,104.54,banana
106.7,48.8,16.8,26.38,80.09,7.16,60.48,cotton
27.7,64.1,21.6,21.42,22.18,5.52,99.34,kidneybeans
44.5,66.2,19.8,30.96,64.99,7.44,60.31,blackgram
21.8,67.7,23.8,16.02,65.16,6.28,58.73,lentil
16.2,67.3,23.6,26.61,47.75,5.66,150.97,pigeonpeas
17.0,33.8,22.5,28.85,84.16,6.82,51.77,mungbean
104.7,57.9,26.2,21.59,55.14,6.93,31.8,wheat
100.6,12.3,53.0,30.95,91.91,6.47,27.41,muskmelon
45.3,63.2,23.4,25.85,70.61,6.01,70.11,blackgram
21.3,126.5,196.7,21.38,90.6,6.29,100.18,apple
22.3,19.8,10.4,20.18,94.97,6.45,106.01,orange
25.6,37.8,16.2,31.33,82.95,6.92,45.48,mungbean
23.4,125.7,206.9,23.08,82.61,6.02,66.45,grapes
37.5,57.0,49.4,28.86,64.18,6.08,83.53,soybean
20.8,29.7,25.6,25.68,50.66,6.56,84.41,groundnut
102.1,15.0,46.4,27.83,90.39,6.51,22.12,muskmelon
30.2,67.6,87.3,17.76,22.9,6.62,88.03,chickpea
117.3,61.1,51.2,29.48,67.63,7.0,233.21,sugarcane
18.8,20.9,26.7,33.59,47.98,5.94,99.56,mango
97.5,14.3,50.6,25.04,85.84,6.26,44.96,watermelon
21.9,120.2,197.1,22.91,91.63,6.11,105.19,apple
23.0,60.8,76.9,20.52,20.43,6.68,69.65,chickpea
70.8,48.5,40.0,21.15,63.0,7.06,92.59,maize
51.4,55.1,47.0,30.25,92.9,6.25,95.74,papaya
110.4,43.0,28.0,14.95,54.98,6.71,45.47,wheat
105.1,14.1,52.8,29.41,91.85,6.44,22.54,muskmelon
105.4,45.2,32.4,19.39,68.6,7.23,108.81,maize
76.5,50.6,38.3,23.69,84.75,6.87,168.78,jute
17.6,57.6,22.0,25.0,59.17,6.52,97.93,pigeonpeas
87.4,51.9,53.5,24.35,72.4,6.84,186.93,rice
18.1,40.1,22.5,25.53,40.71,8.58,61.64,mothbeans
89.1,62.2,49.2,26.49,76.24,6.37,162.61,turmeric
106.5,15.1,30.2,24.24,59.7,6.34,212.86,coffee
82.0,48.7,20.0,20.58,58.6,6.66,92.74,maize
20.2,37.9,28.2,29.62,50.63,6.43,86.6,groundnut
16.7,17.7,31.0,25.89,91.03,6.73,201.71,coconut
15.4,72.7,20.6,24.15,19.55,5.56,101.19,kidneybeans
117.6,42.7,42.3,23.07,81.06,5.91,240.72,rice
16.1,15.2,8.3,23.35,90.65,7.31,104.04,orange
105.7,74.5,50.9,26.23,78.07,6.19,93.82,banana
105.1,55.8,48.4,22.64,77.63,6.99,229.37,rice
19.7,16.8,26.1,25.38,94.26,5.77,183.65,coconut
12.1,50.8,15.3,28.43,41.07,8.72,53.79,mothbeans
104.8,24.8,28.3,26.23,59.48,6.29,215.52,coffee
27.4,55.3,16.8,27.84,40.81,5.35,90.67,pigeonpeas
108.3,44.9,34.3,18.68,63.81,6.75,65.1,maize
93.9,18.2,31.1,27.66,68.17,6.36,151.84,coffee
18.3,17.4,32.5,34.37,53.97,5.53,101.35,mango
95.7,10.9,49.5,31.96,94.34,6.14,28.3,muskmelon
22.3,131.8,193.4,18.67,83.25,6.03,73.77,grapes
108.8,77.9,46.0,27.11,76.36,5.66,118.46,banana
18.6,131.2,204.3,21.29,90.1,5.62,117.35,apple
17.2,129.1,201.2,21.2,82.37,6.46,72.16,grapes
38.3,58.0,18.8,30.04,67.1,7.27,66.01,blackgram
29.6,30.7,30.2,23.22,62.44,6.1,53.06,groundnut
24.0,11.7,39.0,20.44,91.99,6.23,103.11,pomegranate
35.7,58.5,32.0,20.71,60.77,6.2,69.83,soybean
28.8,68.8,20.4,23.7,63.6,6.9,50.74,lentil
26.6,46.1,46.3,26.84,65.49,6.71,109.9,soybean
29.6,57.7,18.2,25.42,62.01,6.31,59.29,lentil
19.9,31.9,33.0,26.54,68.03,6.27,77.84,groundnut
94.3,43.5,28.0,16.11,47.78,6.69,31.98,wheat
78.5,40.4,44.5,26.8,85.89,6.79,154.05,jute
82.9,49.2,60.0,31.96,71.47,5.82,189.78,rice
48.2,55.1,51.9,30.73,92.24,6.49,43.2,papaya
16.4,42.8,23.1,27.63,85.13,6.69,41.44,mungbean
84.2,40.7,44.7,28.88,83.86,6.67,157.67,jute
22.4,18.4,28.0,30.07,93.16,6.3,148.74,coconut
26.3,36.5,31.9,23.62,63.24,6.49,60.47,groundnut
103.0,12.5,53.5,29.12,91.83,6.22,26.81,muskmelon
29.3,47.2,45.2,28.84,64.49,6.28,81.0,soybean
98.9,15.9,25.6,25.85,61.67,6.22,214.85,coffee
20.8,49.7,23.6,31.8,33.92,5.91,54.04,mothbeans
13.8,35.3,22.9,26.76,51.99,7.58,59.29,mothbeans
103.8,46.2,51.7,25.88,83.16,7.5,243.93,sugarcane
29.8,68.5,19.0,23.28,69.66,6.43,40.21,lentil
19.1,68.1,16.5,24.12,63.12,5.06,139.62,pigeonpeas
26.2,58.5,16.3,20.39,24.8,6.03,105.67,kidneybeans
53.0,63.6,48.1,33.64,90.24,6.11,149.53,papaya
15.7,123.2,197.3,21.58,91.46,5.77,112.89,apple
104.5,59.7,53.1,22.08,86.34,5.95,249.51,rice
16.1,132.2,193.8,24.3,81.96,6.32,72.81,grapes
18.3,13.9,8.6,18.47,91.76,6.94,104.72,orange
18.7,17.6,11.4,16.12,90.27,7.42,118.53,orange
118.4,35.9,22.0,23.04,72.58,5.6,72.29,cotton
83.4,35.9,41.4,25.0,78.69,6.33,190.26,jute
103.9,17.1,46.6,31.82,90.03,6.07,21.45,muskmelon
37.5,67.4,21.7,28.93,67.25,6.73,60.13,blackgram
20.1,26.5,25.2,24.86,57.03,6.66,59.9,groundnut
46.2,63.4,22.7,31.07,60.23,6.31,62.02,blackgram
18.2,15.7,34.1,27.13,99.43,6.15,218.43,coconut
93.4,52.4,37.1,24.89,57.61,5.51,77.59,maize
102.5,43.8,24.1,19.04,58.78,6.18,36.41,wheat
40.0,57.6,47.6,20.65,62.89,6.92,99.74,soybean
35.5,52.4,45.3,26.25,71.58,6.09,63.03,soybean
111.4,55.2,34.5,18.0,55.84,6.47,35.64,wheat
71.1,51.1,22.7,22.16,51.01,6.26,70.58,maize
19.9,14.4,34.9,25.59,96.42,6.12,171.04,coconut
80.8,58.6,57.6,30.32,76.15,5.59,281.7,rice
90.8,17.8,50.0,27.59,92.41,6.1,26.03,muskmelon
21.9,55.0,34.7,26.0,73.19,6.01,79.2,soybean
101.7,88.3,52.7,30.93,83.61,6.46,101.21,banana
24.6,63.6,15.3,21.76,61.97,6.59,47.78,lentil
109.2,48.4,38.8,19.04,69.41,5.86,108.13,maize
133.9,58.7,60.9,26.56,74.57,7.1,176.07,sugarcane
26.3,56.5,89.4,19.04,20.15,7.48,79.73,chickpea
67.6,44.5,52.9,21.2,73.72,6.27,61.14,chilli
120.3,52.0,57.0,30.51,79.76,6.68,152.74,sugarcane
48.0,66.3,15.3,31.43,64.72,7.44,71.74,blackgram
112.9,58.9,58.7,29.71,79.17,7.1,175.62,sugarcane
17.1,17.7,11.7,17.54,94.81,6.67,107.94,orange
91.5,39.9,49.1,28.88,63.88,7.21,96.41,chilli
102.8,49.0,37.9,13.21,42.09,6.83,30.96,wheat
85.2,44.1,28.6,21.23,49.5,6.91,58.17,wheat
20.3,49.3,22.2,29.15,86.93,6.92,44.81,mungbean
23.7,28.2,34.4,27.94,59.35,6.94,71.31,groundnut
16.3,34.0,33.0,29.2,58.14,6.36,76.3,groundnut
73.1,46.6,51.5,23.61,56.96,7.07,109.71,chilli
23.6,33.7,18.3,28.16,81.16,6.31,54.58,mungbean
16.7,72.0,21.5,22.45,61.64,6.98,44.88,lentil
18.2,13.7,11.1,19.31,93.63,6.91,111.26,orange
98.0,20.9,26.0,27.55,69.56,6.06,218.02,coffee
18.0,16.5,32.7,34.2,53.05,6.7,97.0,mango
50.2,61.3,45.5,30.33,88.98,6.24,131.04,papaya
61.8,49.8,46.3,23.01,62.91,6.18,68.38,chilli
101.6,47.7,23.0,24.5,70.79,6.19,91.14,cotton
92.7,17.3,53.8,27.7,83.59,6.31,48.28,watermelon
21.8,67.1,16.0,22.02,23.97,6.15,98.45,kidneybeans
16.3,128.3,204.0,22.48,81.49,6.49,73.61,grapes
105.6,40.5,45.5,24.23,84.73,6.52,283.83,rice
85.1,58.9,20.2,22.54,56.69,6.51,42.57,wheat
106.4,41.4,21.1,18.74,43.44,7.29,42.33,wheat
90.9,19.0,46.9,28.11,89.48,6.17,54.34,watermelon
29.3,46.4,37.5,26.95,74.31,6.49,73.42,soybean
38.7,46.1,34.8,28.09,73.22,6.94,108.86,soybean
29.9,39.6,23.7,31.25,83.76,7.02,56.54,mungbean
100.3,22.7,26.8,22.57,65.05,6.54,209.8,coffee
17.8,10.8,40.5,22.8,91.08,6.78,103.81,pomegranate
105.9,17.3,48.7,31.6,85.54,6.56,41.85,watermelon
64.6,36.2,44.3,24.07,64.68,6.61,74.02,chilli
29.8,65.2,83.8,21.46,19.91,7.19,62.79,chickpea
97.8,42.4,54.0,26.02,63.17,6.18,94.31,chilli
28.9,51.9,15.1,28.54,81.07,7.47,47.11,mungbean
47.5,59.0,45.4,33.88,88.8,6.25,107.27,papaya
77.1,61.7,46.0,20.08,75.76,6.93,197.95,turmeric
11.2,47.0,23.2,28.36,39.64,4.02,56.52,mothbeans
24.3,68.6,22.2,21.59,23.87,6.13,105.17,kidneybeans
24.6,52.5,34.8,27.35,79.05,6.33,97.0,soybean
82.5,50.7,38.5,23.03,74.71,6.12,176.51,jute
22.4,56.3,19.3,19.63,64.84,6.08,45.03,lentil
23.6,21.5,31.8,29.15,49.1,5.53,100.61,mango
102.1,56.6,52.4,30.62,81.55,6.56,156.87,rice
20.0,61.7,16.4,22.9,63.87,6.25,133.12,pigeonpeas
99.2,15.5,47.9,24.54,80.98,6.73,47.31,watermelon
64.8,39.1,50.0,25.86,64.86,7.13,83.1,chilli
14.6,47.1,19.3,29.52,40.55,3.78,61.75,mothbeans
106.4,24.2,29.8,23.87,57.25,6.82,211.18,coffee
102.4,19.6,51.8,26.57,89.16,6.94,45.79,watermelon
90.3,16.7,50.3,29.13,86.18,6.76,48.78,watermelon
78.4,44.0,44.0,28.66,61.5,7.2,99.87,chilli
16.4,123.4,203.1,21.69,93.16,6.07,116.98,apple
99.0,51.0,45.3,30.72,78.46,5.82,230.89,rice
101.9,86.1,52.0,31.4,75.28,6.2,118.43,banana
20.1,65.3,16.3,23.27,35.68,6.58,174.82,pigeonpeas
85.5,59.7,56.9,25.54,67.27,6.47,148.61,turmeric
78.9,41.1,36.3,28.53,73.43,6.26,174.21,jute
31.4,55.8,72.5,21.89,22.0,7.41,75.01,chickpea
22.2,59.7,20.7,20.75,24.95,5.8,108.9,kidneybeans
40.5,71.3,17.7,27.18,65.6,6.61,71.3,blackgram
92.4,10.1,51.5,30.44,91.58,6.29,21.55,muskmelon
16.3,138.4,192.3,19.11,80.23,6.18,68.14,grapes
68.9,56.7,54.1,26.7,75.6,6.03,196.67,turmeric
23.9,68.8,18.1,23.27,57.71,6.53,163.71,pigeonpeas
39.8,56.1,82.4,21.1,22.4,7.42,66.23,chickpea
18.9,15.2,10.0,20.51,93.07,6.48,112.82,orange
23.8,121.9,206.3,16.83,82.0,6.67,67.72,grapes
105.2,44.6,58.1,30.6,71.42,5.86,250.35,rice
137.8,62.7,49.5,31.58,83.46,6.97,212.66,sugarcane
79.6,37.4,42.0,28.7,63.35,6.86,93.95,chilli
102.0,17.9,53.2,27.91,93.3,6.21,27.24,muskmelon
17.2,65.6,20.7,22.93,19.19,5.58,103.54,kidneybeans
27.6,50.6,87.0,16.82,17.12,7.2,70.21,chickpea
66.3,45.9,45.4,28.81,68.93,5.82,182.79,turmeric
28.8,74.9,22.5,19.34,18.69,6.13,103.63,kidneybeans
98.4,45.3,44.9,27.61,75.25,6.38,284.67,rice
54.8,56.5,54.3,35.34,88.17,6.45,144.35,papaya
96.9,59.8,26.7,14.5,53.38,6.33,56.47,wheat
46.5,60.0,18.5,26.21,74.06,7.09,62.26,blackgram
135.1,57.3,60.2,26.11,71.26,7.34,181.55,sugarcane
19.9,22.6,25.9,31.92,51.33,6.11,104.31,mango
52.6,55.2,47.7,31.3,92.42,6.79,123.36,papaya
79.8,42.3,40.6,29.05,69.14,6.31,71.77,chilli
24.4,67.3,21.3,20.11,32.39,5.61,123.31,pigeonpeas
110.9,62.8,56.7,28.67,84.43,6.79,207.08,sugarcane
36.9,58.2,30.4,26.77,67.58,6.79,65.55,soybean
106.6,76.6,45.4,28.23,76.68,6.07,114.65,banana
17.2,18.6,31.2,31.39,93.92,6.55,189.87,coconut
19.7,69.4,22.6,23.72,18.25,5.57,91.56,kidneybeans
103.8,52.4,48.4,27.84,80.46,6.9,180.64,rice
19.9,46.6,20.3,26.51,81.73,7.37,48.56,mungbean
92.0,83.1,47.7,30.71,84.17,5.56,119.89,banana
16.0,60.5,21.3,20.48,20.28,6.49,86.53,kidneybeans
19.6,23.7,32.9,31.98,50.23,6.13,93.29,mango
19.7,64.0,15.5,18.95,60.1,6.14,56.3,lentil
110.7,51.7,19.5,29.97,70.56,5.61,91.51,cotton
20.1,68.9,21.5,23.52,23.97,6.36,79.0,kidneybeans
22.4,120.7,199.6,23.85,92.61,6.48,109.46,apple
23.2,136.6,196.2,23.84,91.24,6.27,108.86,apple
17.0,125.3,200.5,17.02,83.52,6.21,65.39,grapes
87.1,36.7,43.6,26.42,89.91,6.59,191.85,jute
31.9,55.8,74.6,22.07,22.03,6.68,80.62,chickpea
88.6,46.1,24.3,22.26,68.02,7.09,68.48,maize
20.7,14.9,30.9,28.24,95.55,6.73,145.86,coconut
133.2,58.2,54.1,31.64,76.88,6.01,246.98,sugarcane
22.0,135.8,196.3,21.16,94.91,6.29,115.13,apple
85.2,47.2,47.1,26.11,79.55,7.39,182.36,turmeric
20.8,65.1,79.4,21.52,24.16,6.27,77.56,chickpea
51.1,61.9,50.9,34.3,86.77,6.36,103.69,papaya
79.8,57.8,63.1,20.58,75.79,6.93,166.04,turmeric
21.0,10.1,11.1,18.82,91.52,6.06,110.8,orange
14.5,36.0,19.2,30.35,43.71,4.22,62.63,mothbeans
19.2,36.7,18.1,32.0,51.57,6.92,59.23,mothbeans
26.5,31.1,20.5,28.93,66.46,6.94,68.84,groundnut
49.1,55.8,51.0,29.96,90.47,6.5,101.33,papaya
95.6,24.0,30.4,27.84,51.97,6.21,180.34,coffee
16.8,127.6,197.2,15.29,83.42,6.59,74.73,grapes
16.6,18.1,30.1,28.09,53.51,6.82,85.58,mango
16.5,72.7,16.4,19.54,22.69,6.24,107.3,kidneybeans
105.1,19.6,49.6,29.3,92.93,6.02,21.16,muskmelon
19.5,54.2,16.4,21.58,41.48,4.52,172.17,pigeonpeas
16.8,21.8,28.4,27.71,48.55,6.62,91.14,mango
45.0,69.3,19.0,24.62,62.44,6.36,76.69,blackgram
81.8,38.2,28.4,26.46,63.55,7.31,90.78,maize
91.5,19.3,49.8,28.77,94.47,6.22,29.47,muskmelon
24.6,56.7,22.7,22.23,63.55,6.65,40.89,lentil
27.5,60.1,23.2,19.82,23.65,6.25,76.94,kidneybeans
104.6,24.0,26.4,25.31,56.16,6.4,207.27,coffee
95.0,79.2,53.0,25.98,75.12,6.33,119.48,banana
127.5,61.5,61.0,25.59,73.29,6.27,237.64,sugarcane
19.6,10.8,33.9,25.62,94.72,6.61,216.44,coconut
73.7,40.2,50.1,24.53,59.92,7.47,80.5,chilli
104.5,56.2,23.5,15.24,58.0,7.1,43.73,wheat
105.3,14.4,49.0,29.29,84.74,6.53,42.05,watermelon
83.1,54.0,27.6,24.77,66.64,6.0,64.1,maize
67.7,51.8,52.1,20.47,81.94,6.03,115.12,turmeric
38.9,41.0,48.8,24.33,79.9,6.27,94.01,soybean
108.8,53.5,15.4,22.8,82.71,6.72,91.11,cotton
82.5,40.9,44.7,26.79,72.64,6.35,172.19,jute
92.0,74.1,46.9,29.88,82.22,6.23,97.96,banana
88.8,36.3,43.9,26.21,71.6,6.9,164.42,jute
18.1,136.0,205.0,22.32,93.96,5.83,116.87,apple
21.6,10.9,33.2,31.21,99.03,6.45,130.02,coconut
84.8,44.5,46.8,27.88,74.6,5.83,160.65,rice
28.0,58.4,41.7,20.37,64.39,6.2,103.16,soybean
49.8,59.5,21.8,30.78,69.81,7.29,75.19,blackgram
90.8,86.7,48.3,25.64,77.48,5.86,105.4,banana
16.6,137.0,207.0,23.69,80.37,6.34,67.41,grapes
16.4,63.6,17.8,28.13,52.98,6.77,186.06,pigeonpeas
98.8,53.5,33.4,21.28,51.4,6.83,76.51,maize
19.6,46.5,21.5,30.14,42.5,7.65,52.45,mothbeans
10.5,36.3,22.8,26.93,41.49,7.19,55.13,mothbeans
27.5,56.9,16.0,22.39,23.68,6.06,89.32,kidneybeans
17.8,61.5,19.6,17.89,68.63,6.53,52.78,lentil
24.0,31.1,27.3,24.23,65.36,6.11,60.03,groundnut
18.6,15.0,40.7,20.94,87.55,6.1,101.48,pomegranate
40.0,68.1,21.8,26.06,72.32,7.45,72.83,blackgram
20.2,134.0,190.9,16.64,80.7,6.5,72.22,grapes
22.7,41.4,18.5,24.52,46.27,9.29,61.28,mothbeans
106.9,16.6,25.6,23.92,67.57,6.14,153.06,coffee
104.7,10.7,45.9,28.42,94.15,6.73,23.48,muskmelon
34.5,55.1,15.2,26.39,70.1,6.82,70.64,blackgram
46.8,58.3,48.4,33.38,94.16,6.64,111.02,papaya
20.9,32.4,34.6,26.94,57.06,6.98,62.82,groundnut
33.9,50.7,35.1,25.6,69.08,6.94,92.05,soybean
23.7,18.2,8.1,21.94,90.56,6.68,100.45,orange
17.7,128.9,203.6,21.82,92.93,6.47,108.28,apple
66.2,55.9,60.8,26.52,77.44,7.28,178.16,turmeric
22.1,70.6,20.1,16.09,21.53,6.45,62.17,kidneybeans
34.9,59.1,21.5,31.38,72.71,6.14,74.49,blackgram
52.0,61.1,46.1,33.84,91.29,6.79,93.2,papaya
83.9,61.0,61.9,26.22,67.06,7.0,166.71,turmeric
86.8,45.6,46.3,24.31,75.44,5.74,122.41,turmeric
22.3,122.6,197.7,21.01,84.41,6.35,68.85,grapes
22.4,36.5,24.7,29.14,43.5,7.92,48.61,mothbeans
41.0,55.2,20.3,26.2,74.66,6.03,76.26,blackgram
18.6,61.5,16.7,15.52,23.19,6.03,97.28,kidneybeans
20.0,67.4,23.0,18.62,63.35,6.82,57.19,lentil
18.0,15.5,33.5,28.1,47.0,6.11,96.39,mango
93.5,16.1,53.4,30.87,81.4,6.54,43.95,watermelon
91.5,48.0,36.6,20.31,71.64,7.01,100.33,chilli
110.8,54.0,24.2,17.85,51.17,6.56,47.33,wheat
24.1,61.0,88.6,19.38,21.98,6.18,89.19,chickpea
24.1,52.9,23.5,26.0,49.05,7.08,43.13,mothbeans
17.3,13.8,11.9,16.0,91.58,7.3,110.63,orange
71.9,42.2,42.6,26.78,74.39,6.77,182.97,jute
119.1,43.6,24.2,28.87,75.02,6.03,63.93,cotton
24.9,60.5,20.7,21.86,23.21,5.55,90.32,kidneybeans
23.5,16.6,38.0,22.14,90.1,6.75,95.91,pomegranate
23.3,74.1,19.6,22.79,64.38,6.29,53.86,lentil
115.3,53.0,48.6,31.72,82.31,6.13,235.23,sugarcane
19.3,19.6,37.4,20.09,88.15,6.8,104.01,pomegranate
28.1,61.1,16.0,29.84,59.79,5.21,173.94,pigeonpeas
99.0,16.2,48.1,28.67,85.66,6.36,44.74,watermelon
17.3,122.0,197.7,21.18,92.16,5.88,102.92,apple
109.5,49.9,39.0,26.02,62.25,6.94,85.24,maize
33.7,64.0,20.5,27.26,60.39,6.53,61.86,blackgram
22.8,37.4,34.2,29.45,55.04,6.88,59.52,groundnut
95.0,45.9,23.0,14.66,40.76,7.39,47.94,wheat
20.0,19.0,36.8,24.43,94.81,6.95,91.38,pomegranate
28.6,74.6,20.7,16.87,63.81,6.14,46.02,lentil
109.5,38.4,15.5,29.92,82.13,6.75,71.47,cotton
18.7,16.8,42.6,25.64,92.7,6.02,91.35,pomegranate
136.3,64.5,49.0,29.61,68.38,6.6,192.89,sugarcane
53.3,55.4,55.0,32.15,88.96,6.59,101.35,papaya
115.3,48.0,16.8,22.31,75.76,5.88,87.84,cotton
20.2,134.4,202.9,21.5,92.81,6.07,107.97,apple
16.2,55.6,22.6,18.21,62.75,6.54,43.36,lentil
21.2,15.1,27.1,27.45,93.18,5.71,193.39,coconut
30.2,66.4,75.7,17.99,20.87,7.5,74.69,chickpea
18.4,10.9,25.1,31.9,94.04,5.69,156.48,coconut
48.7,66.6,19.2,25.22,64.95,6.57,76.67,blackgram
85.2,35.9,42.4,29.47,73.52,6.79,174.25,jute
39.6,52.0,36.6,25.78,79.26,6.62,80.93,soybean
14.5,45.7,20.0,25.35,58.25,4.5,56.47,mothbeans
19.8,44.4,20.4,30.78,42.93,9.24,58.19,mothbeans
15.4,17.8,26.4,31.87,51.94,5.56,102.79,mango
95.7,18.8,49.1,27.95,93.55,6.63,25.78,muskmelon
17.2,18.6,8.1,23.22,93.45,6.41,111.07,orange
19.2,13.5,9.3,20.94,90.12,6.46,119.75,orange
19.7,12.8,43.4,20.62,90.53,6.01,94.01,pomegranate
102.0,22.6,28.4,26.26,50.58,6.81,157.79,coffee
87.6,49.7,35.5,29.62,83.49,6.89,155.55,jute
89.0,57.0,54.7,26.18,84.35,6.22,167.38,turmeric
80.9,43.0,30.8,19.25,54.63,6.89,95.32,maize
16.7,122.1,195.6,24.39,92.74,5.53,107.94,apple
98.1,11.1,45.7,28.47,94.74,6.64,29.57,muskmelon
20.8,47.1,23.4,28.51,54.76,3.68,41.14,mothbeans
25.6,59.1,22.5,23.9,60.63,6.1,57.44,lentil
116.7,46.5,60.4,29.42,82.75,6.04,218.13,sugarcane
37.4,59.8,87.5,20.74,19.69,6.66,65.53,chickpea
16.8,37.1,24.9,26.67,57.8,6.75,59.44,groundnut
105.0,43.9,24.0,23.19,79.61,7.37,86.58,cotton
96.6,11.3,51.6,24.8,86.2,6.9,44.77,watermelon
28.6,61.0,19.1,16.4,24.62,5.8,84.63,kidneybeans
21.9,18.0,33.9,27.48,99.7,5.92,132.81,coconut
15.1,71.1,24.0,21.78,19.11,5.94,77.28,kidneybeans
46.2,58.2,53.8,33.82,92.65,6.7,85.54,papaya
25.7,33.7,24.1,28.32,62.88,6.4,69.03,groundnut
83.0,36.8,39.8,25.13,84.07,6.86,187.36,jute
29.8,43.6,19.9,31.51,88.51,6.7,44.82,mungbean
23.2,50.6,21.4,25.46,58.99,6.31,62.77,mothbeans
38.5,64.9,24.7,31.53,70.07,7.18,66.37,blackgram
17.0,19.0,42.6,19.96,85.06,6.41,94.66,pomegranate
26.6,66.8,20.0,18.79,60.25,6.1,48.32,lentil
16.3,51.1,16.6,26.65,53.59,5.18,162.81,pigeonpeas
86.7,49.7,44.3,26.01,71.17,6.07,297.8,rice
16.5,20.9,32.6,34.52,54.25,6.34,87.02,mango
30.9,58.3,73.8,18.62,22.56,6.94,82.8,chickpea
131.3,50.8,54.9,25.04,82.13,6.9,249.52,sugarcane
100.3,37.2,16.7,26.73,72.27,6.39,92.31,cotton
17.8,17.9,10.5,15.53,93.27,6.01,107.77,orange
16.4,30.1,21.0,28.41,59.51,6.21,81.83,groundnut
109.6,20.7,26.5,25.39,68.14,6.44,195.13,coffee
26.6,53.0,23.7,29.89,80.62,6.21,45.18,mungbean
22.1,54.2,22.8,30.21,85.78,7.08,54.59,mungbean
98.1,15.9,54.1,28.41,85.43,7.0,47.08,watermelon
77.7,57.2,58.6,28.17,72.2,6.93,152.83,turmeric
15.6,138.8,193.2,19.16,82.95,6.56,71.78,grapes
20.7,60.0,81.8,23.7,23.74,6.66,75.78,chickpea
22.5,21.9,27.9,30.09,46.63,6.36,104.3,mango
22.4,30.6,34.2,24.53,58.48,6.68,88.53,groundnut
21.0,18.4,33.9,34.96,48.43,6.85,92.19,mango
97.5,19.1,50.2,28.76,94.34,6.39,24.82,muskmelon
47.3,61.9,48.6,33.51,89.77,6.4,106.52,papaya
38.7,70.7,20.7,30.86,61.43,6.79,60.85,blackgram
22.4,60.7,85.2,16.85,17.16,6.73,81.74,chickpea
40.0,55.0,44.8,29.12,60.17,6.3,101.12,soybean
22.5,73.1,17.9,22.99,22.25,5.85,91.83,kidneybeans
82.3,51.7,50.1,30.53,73.15,6.94,162.02,rice
16.2,127.0,199.6,20.71,83.34,6.29,72.48,grapes
17.8,12.4,25.7,29.29,93.39,6.17,141.71,coconut
102.0,15.2,47.3,27.85,90.18,6.19,20.0,muskmelon
21.3,27.2,22.6,29.76,58.79,6.25,73.58,groundnut
116.9,43.1,39.1,16.29,52.6,6.9,48.24,wheat
24.3,16.9,30.9,25.61,94.67,5.57,176.85,coconut
18.8,66.7,20.5,28.18,48.47,4.78,121.69,pigeonpeas
89.1,37.2,37.8,27.88,79.93,6.87,176.03,jute
105.7,15.8,32.7,26.54,50.85,6.11,203.44,coffee
68.5,60.7,59.3,26.72,77.86,6.54,124.76,turmeric
115.8,52.4,64.4,28.48,76.61,6.39,200.37,sugarcane
83.8,36.2,36.4,28.96,79.17,6.17,167.18,jute
70.3,44.7,35.1,24.26,71.78,6.65,194.35,jute
103.0,46.6,24.2,22.3,72.12,6.81,78.85,cotton
23.4,133.4,193.0,15.9,82.56,6.51,66.01,grapes
96.9,80.8,54.7,29.13,80.54,6.34,114.55,banana
96.0,50.6,44.5,27.2,67.11,7.14,90.29,chilli
37.0,66.6,71.7,23.82,17.44,6.7,78.31,chickpea
21.2,123.8,195.2,20.25,92.67,5.69,102.05,apple
18.6,11.9,31.0,29.05,98.47,5.86,175.16,coconut
91.2,75.6,46.4,26.4,83.85,6.03,108.92,banana
107.4,21.3,29.8,26.17,52.39,6.51,186.02,coffee
18.7,125.2,198.0,20.0,94.08,6.35,106.88,apple
21.5,42.3,19.0,28.56,35.84,7.1,41.84,mothbeans
17.7,23.2,30.1,32.08,46.24,5.55,92.45,mango
52.4,60.9,50.3,35.01,92.87,6.42,89.68,papaya
18.9,65.2,20.2,21.39,65.75,6.45,47.82,lentil
89.6,47.2,46.2,23.73,75.67,6.21,104.77,turmeric
102.4,57.0,20.5,24.63,56.64,7.36,100.11,maize
22.3,11.0,38.1,25.05,86.37,6.77,105.06,pomegranate
23.9,10.8,11.2,15.61,92.79,7.41,108.32,orange
86.1,55.3,50.8,29.79,80.61,5.5,198.62,rice
25.7,70.8,15.7,25.9,64.79,6.4,50.13,lentil
18.4,11.6,12.0,19.43,91.76,6.47,119.83,orange
77.7,37.7,42.2,27.42,89.51,6.2,156.36,jute
27.5,57.4,24.5,31.78,46.16,5.2,132.01,pigeonpeas
17.7,18.5,10.6,23.64,90.1,7.3,112.99,orange
104.6,89.0,54.5,27.74,84.94,6.47,90.97,banana
103.2,14.9,50.7,26.86,87.84,6.32,43.3,watermelon
20.0,124.2,208.7,18.31,80.01,6.47,74.07,grapes
105.9,49.6,45.7,26.08,79.12,6.65,249.52,sugarcane
48.8,58.8,52.7,35.3,90.65,6.53,56.51,papaya
21.8,126.2,198.2,23.15,90.21,6.44,110.42,apple
15.6,24.9,31.4,33.89,47.61,6.57,102.85,mango
97.2,44.8,54.5,28.24,57.89,6.19,102.67,chilli
72.2,43.1,36.7,26.36,59.07,7.45,82.4,chilli
109.4,19.2,34.0,22.84,61.74,6.09,156.62,coffee
46.2,63.5,53.0,35.99,89.14,6.27,101.65,papaya
34.4,61.0,15.6,31.59,73.2,7.37,72.52,blackgram
90.1,16.0,50.4,31.58,83.05,6.75,53.55,watermelon
24.3,59.8,24.1,16.43,21.23,5.75,72.77,kidneybeans
88.2,51.9,59.0,20.21,67.2,5.88,134.38,turmeric
92.8,42.9,52.4,25.69,64.88,6.83,99.59,chilli
29.3,55.7,18.7,19.43,24.65,6.36,64.97,kidneybeans
20.5,19.7,28.8,27.38,98.14,6.39,200.59,coconut
108.3,80.0,48.9,26.26,78.19,5.72,116.87,banana
23.3,29.6,34.4,24.9,66.25,6.12,84.68,groundnut
23.8,16.8,26.0,28.02,47.59,6.71,100.26,mango
107.9,46.8,43.1,31.57,76.73,5.64,164.51,rice
29.9,51.6,70.8,19.32,18.22,6.38,62.74,chickpea
17.6,58.2,20.6,25.54,62.32,6.41,43.69,lentil
21.5,11.6,44.3,20.19,91.55,6.25,97.44,pomegranate
73.4,47.9,32.7,21.02,66.37,7.0,93.64,maize
22.6,138.2,203.1,23.42,91.42,6.24,116.18,apple
18.8,11.5,44.3,24.86,90.53,6.91,104.81,pomegranate
107.7,70.7,51.2,26.72,77.95,5.91,106.52,banana
107.1,18.7,28.7,23.71,57.03,6.98,209.94,coffee
16.3,19.9,36.4,22.24,85.08,6.65,98.8,pomegranate
25.1,54.5,20.8,30.37,87.25,7.03,40.67,mungbean
18.7,67.5,20.9,17.15,61.07,6.3,58.98,lentil
16.5,71.6,22.5,18.27,69.99,6.45,46.97,lentil
49.5,62.2,46.1,34.23,94.38,6.56,54.88,papaya
20.1,12.0,43.1,22.29,88.91,6.63,106.69,pomegranate
17.7,68.9,20.1,19.6,61.38,6.38,43.72,lentil
98.4,80.7,53.7,28.32,83.82,5.98,92.37,banana
23.6,126.5,199.8,24.87,92.7,5.77,108.9,apple
24.5,68.9,21.5,26.0,65.55,6.49,42.81,lentil
102.0,37.1,19.5,23.76,74.25,5.89,60.95,cotton
23.3,122.1,204.4,16.18,80.57,6.07,66.99,grapes
18.4,130.5,204.0,15.95,83.31,6.17,68.46,grapes
89.7,56.3,62.9,26.28,73.33,6.69,135.03,turmeric
26.6,43.8,32.1,25.95,61.35,6.79,69.68,soybean
100.8,12.8,54.1,30.58,83.75,6.8,46.68,watermelon
17.5,125.7,201.3,20.66,94.19,5.53,113.27,apple
23.1,12.7,35.6,23.7,90.77,6.08,99.1,pomegranate
91.8,22.3,29.4,27.96,66.07,6.29,204.45,coffee
74.4,44.4,39.8,29.23,72.9,6.93,172.75,jute
100.8,10.1,45.7,29.36,87.74,6.86,46.36,watermelon
20.2,54.0,18.7,30.1,47.22,6.94,49.95,mothbeans
16.4,39.1,30.9,23.12,52.24,6.73,87.32,groundnut
99.6,48.8,28.6,18.09,51.5,7.27,105.2,maize
96.1,48.5,43.3,28.95,69.07,7.14,92.29,chilli
94.1,12.5,51.2,27.78,90.53,6.74,26.76,muskmelon
73.2,55.1,59.7,20.99,76.18,6.17,113.78,turmeric
94.6,47.4,44.2,24.67,88.73,6.47,241.37,rice
76.4,39.7,42.9,25.41,74.16,7.34,104.15,chilli
21.7,47.6,15.8,28.51,80.62,6.82,52.64,mungbean
90.7,36.3,25.0,25.64,59.13,7.1,93.38,maize
107.4,56.9,55.5,24.29,70.64,5.97,190.16,rice
39.2,66.7,81.5,24.51,25.0,7.01,68.09,chickpea
117.9,48.9,17.5,25.74,84.04,6.78,96.91,cotton
46.1,56.8,52.6,32.9,87.67,6.45,65.4,papaya
119.3,42.0,30.7,24.88,57.01,6.26,58.77,wheat
72.1,48.9,51.0,20.37,68.36,6.95,174.01,turmeric
22.6,49.1,17.8,31.91,86.8,6.18,64.38,mungbean
95.6,12.2,50.8,27.27,94.0,6.38,25.41,muskmelon
90.6,55.7,49.1,26.23,89.15,6.99,233.37,rice
27.3,62.3,23.2,15.46,67.19,6.55,59.8,lentil
95.5,54.1,30.4,23.64,55.49,5.65,74.29,maize
30.7,67.0,22.0,24.39,71.11,6.6,64.69,blackgram
23.8,67.8,19.2,17.5,23.92,5.7,79.23,kidneybeans
22.2,12.3,40.1,18.35,93.63,6.24,99.44,pomegranate
24.4,63.8,76.1,20.82,19.73,6.8,72.77,chickpea
40.8,67.8,15.6,24.27,72.7,7.42,73.36,blackgram
39.2,62.7,86.6,22.07,19.35,7.1,88.96,chickpea
23.9,44.0,48.2,27.85,66.83,6.67,94.74,soybean
26.0,52.5,31.3,26.78,71.19,6.29,79.07,soybean
136.8,54.1,58.5,24.95,79.27,6.29,236.19,sugarcane
23.1,128.8,196.9,23.45,91.79,5.63,117.97,apple
22.3,12.8,11.3,24.14,92.77,6.1,103.1,orange
17.1,23.2,32.4,33.08,53.67,6.73,95.31,mango
86.3,42.2,30.7,18.22,41.38,7.43,55.97,wheat
23.5,48.9,16.8,30.85,88.97,7.24,52.88,mungbean
20.2,50.5,15.5,25.03,38.25,6.99,131.24,pigeonpeas
102.4,52.1,16.3,27.25,83.5,6.63,98.69,cotton
74.1,51.3,51.5,23.58,58.54,7.15,101.82,chilli
103.5,50.0,33.7,15.58,40.15,6.21,31.92,wheat
102.9,53.7,16.5,25.97,84.9,7.04,69.52,cotton
86.6,50.7,23.9,24.27,59.89,5.99,92.8,maize
21.0,41.7,15.4,28.37,54.41,4.64,59.48,mothbeans
25.1,30.0,27.5,28.12,56.79,6.61,64.53,groundnut
19.7,40.0,16.1,29.89,44.97,6.02,54.04,mothbeans
112.5,46.6,48.2,28.13,84.39,7.25,226.32,sugarcane
20.7,46.3,47.0,20.65,62.55,6.92,82.1,soybean
21.6,23.4,28.7,32.18,51.09,5.95,87.16,mango
25.5,66.7,89.6,17.44,20.51,6.58,87.66,chickpea
22.1,138.7,202.7,17.01,83.12,6.2,68.45,grapes
27.4,64.8,21.9,25.37,52.61,5.56,129.8,pigeonpeas
21.8,127.7,206.8,20.58,84.94,6.04,71.43,grapes
13.6,43.3,21.6,24.68,59.24,3.94,53.15,mothbeans
25.1,68.4,20.8,23.22,24.58,5.61,71.69,kidneybeans
19.8,16.3,33.9,28.76,93.35,6.68,167.26,coconut
27.1,53.3,19.4,23.75,53.67,5.09,138.86,pigeonpeas
16.7,11.3,42.8,20.15,93.86,6.77,90.59,pomegranate
17.3,51.2,16.0,30.59,42.02,6.29,145.5,pigeonpeas
17.2,53.9,21.0,28.64,52.94,4.94,175.01,pigeonpeas
16.2,22.6,26.7,34.87,54.72,6.71,87.52,mango
18.7,15.5,25.5,29.92,98.21,6.04,207.51,coconut
35.2,65.3,20.0,24.79,74.72,6.7,76.79,blackgram
21.2,19.9,9.8,16.46,90.22,7.23,103.99,orange
102.8,87.7,49.5,26.86,77.5,5.57,97.7,banana
101.2,15.7,47.3,26.07,83.88,6.63,46.5,watermelon
92.2,70.0,48.9,30.13,84.69,6.38,104.79,banana
82.3,40.6,43.6,26.1,74.15,6.48,100.93,chilli
100.9,37.4,23.1,27.34,76.88,6.86,94.97,cotton
76.6,46.7,22.6,23.6,50.54,6.29,88.22,maize
38.5,65.8,82.5,21.61,24.34,6.64,76.34,chickpea
83.5,48.4,40.6,24.19,80.11,5.54,179.83,rice
18.0,130.2,194.1,21.71,84.75,6.25,65.54,grapes
89.4,50.4,35.5,25.47,79.12,6.17,196.21,jute
20.9,56.2,18.4,22.66,35.88,5.78,102.54,pigeonpeas
89.1,45.8,41.6,24.33,72.02,5.92,245.35,rice
137.2,62.6,47.6,26.54,75.61,6.21,161.68,sugarcane
46.8,61.1,52.1,35.83,85.02,6.02,108.8,papaya
104.6,58.2,48.6,25.46,72.86,6.12,237.68,sugarcane
116.5,61.8,59.3,31.01,81.4,7.24,219.85,sugarcane
15.4,51.0,21.8,31.62,34.28,7.45,59.53,mothbeans
96.9,42.2,36.8,26.13,61.06,7.08,74.06,chilli
21.9,50.2,22.2,27.17,88.16,7.12,54.46,mungbean
28.0,61.6,16.5,24.01,18.02,6.36,67.23,kidneybeans
78.2,41.9,41.5,25.28,81.87,6.7,192.1,jute
27.3,63.8,24.9,23.53,62.37,6.81,51.76,lentil
81.8,38.0,40.7,23.04,89.6,6.04,173.53,jute
115.9,44.1,16.7,26.73,82.27,5.71,79.89,cotton
93.1,20.0,52.8,28.77,91.98,6.47,25.18,muskmelon
17.5,16.3,8.7,22.49,92.08,6.16,112.77,orange
38.3,59.2,72.3,23.32,19.98,7.07,75.27,chickpea
20.3,60.7,75.5,24.74,20.53,7.05,63.79,chickpea
15.4,25.7,32.6,24.79,64.84,6.03,85.65,groundnut
24.6,10.7,26.1,30.7,97.71,6.07,174.49,coconut
106.5,60.6,50.7,30.02,78.08,6.18,199.08,sugarcane
107.6,49.1,19.7,23.16,83.05,5.52,97.09,cotton
112.6,53.0,27.4,12.88,44.37,6.45,47.97,wheat
23.7,12.4,32.0,27.76,93.18,6.07,164.34,coconut
37.1,73.8,19.3,29.44,69.91,6.13,72.37,blackgram
120.9,50.9,46.0,24.61,65.9,6.16,192.49,sugarcane
20.6,13.0,41.2,21.71,90.92,6.49,105.45,pomegranate
24.9,27.6,32.8,29.71,59.72,6.02,84.38,groundnut
16.4,17.0,8.1,20.83,93.32,6.07,103.41,orange
93.9,11.8,53.0,30.82,88.51,6.93,54.91,watermelon
24.8,138.3,205.2,17.74,84.82,6.68,69.53,grapes
34.2,72.4,23.9,27.8,60.7,6.11,78.51,blackgram
53.4,58.0,54.2,28.39,89.17,6.14,113.93,papaya
26.6,30.1,20.5,31.43,84.07,7.4,61.96,mungbean
99.3,74.5,47.7,25.43,82.52,6.17,92.57,banana
117.8,54.8,26.6,15.62,52.87,7.14,45.63,wheat
27.9,50.8,15.2,30.9,60.17,5.94,153.07,pigeonpeas
95.6,74.8,45.5,29.0,83.4,5.65,100.82,banana
15.7,39.9,26.0,23.81,64.86,6.09,83.77,groundnut
22.9,69.3,23.2,29.22,34.84,5.13,160.53,pigeonpeas
111.3,58.5,53.4,27.27,67.92,6.44,176.18,sugarcane
106.5,19.8,45.1,29.35,84.46,6.9,49.21,watermelon
25.4,66.2,80.8,19.83,19.36,7.1,68.05,chickpea
102.1,57.8,57.6,30.33,67.72,6.6,212.83,sugarcane
20.0,127.9,201.9,20.87,94.88,6.2,109.2,apple
24.1,43.7,49.8,23.63,61.47,6.03,65.76,soybean
97.9,70.6,51.8,26.21,77.15,5.69,98.4,banana
18.5,18.4,43.8,25.61,85.01,6.66,106.98,pomegranate
101.8,47.6,62.4,30.68,79.96,7.39,178.29,sugarcane
21.8,11.3,32.2,28.22,97.14,6.28,130.37,coconut
20.8,12.3,11.2,15.92,92.0,7.38,114.69,orange
21.1,53.0,81.3,18.04,24.94,6.18,82.93,chickpea
65.0,46.2,38.8,26.19,66.54,6.08,94.21,chilli
29.1,64.4,78.2,21.55,16.54,6.7,89.08,chickpea
116.7,46.5,35.0,18.3,41.36,6.82,37.27,wheat
22.3,58.8,17.7,28.57,33.98,5.57,121.16,pigeonpeas
92.0,16.5,27.2,23.13,67.94,6.61,206.51,coffee
105.4,57.7,26.4,23.07,49.64,6.5,48.26,wheat
91.4,16.3,54.9,30.38,91.15,6.25,29.55,muskmelon
22.6,121.7,197.6,20.78,93.27,6.39,106.19,apple
25.6,37.9,18.5,31.47,87.95,6.41,43.05,mungbean
23.6,43.4,22.2,31.49,89.13,6.26,62.06,mungbean
26.7,72.3,20.2,19.58,24.75,5.56,83.95,kidneybeans
49.6,59.2,51.1,28.44,90.17,6.11,131.29,papaya
83.7,48.8,51.0,24.63,71.85,5.54,116.61,turmeric
20.3,22.8,34.1,32.37,50.07,6.77,101.81,mango
24.7,134.0,196.8,22.99,93.16,6.14,111.28,apple
18.5,48.8,24.5,26.42,87.23,6.02,56.34,mungbean
21.0,68.7,19.9,24.1,18.51,5.58,90.41,kidneybeans
22.2,17.9,8.7,23.26,93.45,6.86,118.15,orange
45.3,60.5,47.8,29.21,93.97,6.53,49.66,papaya
55.0,58.5,46.3,32.5,90.2,6.51,94.18,papaya
102.0,41.0,60.0,30.36,89.38,6.89,277.3,rice
45.7,64.3,54.9,34.94,89.9,6.26,90.33,papaya
24.8,16.3,33.4,29.0,93.9,6.39,207.81,coconut
19.9,11.0,10.3,23.36,93.29,6.79,114.03,orange
22.2,16.3,36.5,21.29,91.87,6.86,91.73,pomegranate
82.9,40.8,35.6,29.1,74.65,6.95,182.23,jute
134.7,47.5,46.9,30.95,68.61,6.25,200.87,sugarcane
108.6,44.8,47.9,28.72,76.0,5.97,262.78,rice
15.4,125.8,206.0,18.13,83.69,6.07,72.58,grapes
29.2,32.7,15.2,26.51,81.51,7.04,50.26,mungbean
18.7,44.0,17.2,31.78,82.98,6.43,45.18,mungbean
16.5,20.0,31.7,25.94,90.72,5.52,194.92,coconut
98.6,75.9,51.6,29.2,77.0,5.53,95.12,banana
126.2,64.0,51.5,29.85,79.69,7.44,206.92,sugarcane
95.4,40.4,54.3,26.75,59.93,6.83,107.11,chilli
20.7,10.5,9.6,15.85,92.51,7.16,102.61,orange
79.0,40.0,20.5,20.2,59.5,7.2,63.64,maize
51.9,64.3,54.9,30.3,91.09,6.25,97.79,papaya
17.6,10.4,35.6,24.31,90.07,6.63,100.02,pomegranate
53.6,60.4,45.1,35.06,87.38,6.47,92.33,papaya
24.4,19.6,8.4,22.25,92.66,6.28,110.52,orange
24.7,121.0,194.5,21.43,82.02,6.16,69.59,grapes
24.1,14.4,25.2,28.38,95.0,5.79,213.13,coconut
95.8,16.6,54.3,27.1,89.57,6.98,44.69,watermelon
28.8,74.8,23.7,16.4,68.66,6.25,54.23,lentil
22.9,18.8,29.5,25.21,94.75,6.03,171.51,coconut
102.3,38.4,19.0,24.41,81.19,7.0,81.3,cotton
138.7,57.0,60.0,24.36,70.07,6.93,180.25,sugarcane
117.9,47.6,18.6,22.68,79.49,6.97,65.6,cotton
17.6,53.0,25.0,27.18,84.95,7.4,64.05,mungbean
80.7,55.3,58.4,27.06,83.17,6.38,145.71,turmeric
17.9,20.4,28.4,30.29,48.83,6.23,97.18,mango
23.2,49.1,45.8,20.42,64.39,6.0,71.15,soybean
27.4,63.9,16.4,27.88,45.7,4.51,98.71,pigeonpeas
25.2,59.7,21.7,18.64,43.83,6.0,90.85,pigeonpeas
96.1,13.4,52.1,30.68,94.27,6.53,27.48,muskmelon
132.4,57.3,53.7,27.41,65.81,6.51,196.35,sugarcane
91.0,52.6,25.8,23.91,53.96,7.08,36.52,wheat
25.1,39.5,24.8,30.55,89.55,7.21,47.26,mungbean
100.9,56.3,32.0,19.09,69.68,7.07,77.36,maize
74.8,35.8,38.2,23.89,75.21,6.18,178.12,jute
18.7,57.5,20.6,15.69,23.36,5.71,70.8,kidneybeans
24.5,121.1,202.8,20.36,92.35,5.69,116.83,apple
83.5,45.4,42.9,22.64,64.98,6.64,86.4,chilli
116.4,44.6,20.7,29.48,75.38,6.86,76.02,cotton
101.7,45.1,23.5,24.22,71.99,6.06,94.31,cotton
72.3,52.9,42.2,27.15,76.52,6.2,183.84,jute
93.7,18.8,30.5,22.25,66.52,6.83,164.31,coffee
83.6,45.7,37.9,27.35,86.0,6.95,190.44,jute
93.0,49.0,25.1,18.58,49.24,6.11,50.83,wheat
105.2,49.0,19.8,28.39,82.93,6.19,63.38,cotton
78.6,51.6,40.8,29.72,55.01,7.4,88.93,chilli
119.4,42.0,48.1,25.39,87.23,5.87,178.53,rice
86.8,54.6,43.3,25.79,89.79,6.46,233.54,rice
19.2,13.2,39.2,23.76,87.71,6.08,97.46,pomegranate
46.0,69.3,15.8,25.23,70.68,6.95,74.79,blackgram
96.2,75.3,46.2,26.1,81.86,6.33,110.91,banana
86.1,48.7,48.7,27.47,75.1,7.24,110.63,turmeric
23.1,46.3,18.5,25.43,85.37,6.79,58.2,mungbean
48.8,64.6,51.1,33.0,87.27,6.19,56.8,papaya
16.9,60.0,16.7,21.61,18.18,5.51,99.5,kidneybeans
85.5,53.8,53.3,27.69,66.13,7.12,134.13,turmeric
108.8,47.8,17.1,27.87,75.18,6.78,90.22,cotton
98.9,17.0,46.6,28.07,92.0,6.27,25.51,muskmelon
110.4,46.8,52.4,31.58,67.35,7.08,193.52,sugarcane
19.1,137.1,196.8,21.45,93.18,6.12,105.44,apple
108.5,46.0,57.9,26.59,66.11,6.11,245.19,sugarcane
105.5,43.5,24.0,28.16,74.85,5.82,62.96,cotton
104.2,11.5,46.5,26.58,80.51,6.93,49.23,watermelon
20.5,74.0,18.3,15.03,67.74,6.73,54.62,lentil
37.8,72.9,18.3,30.04,62.1,7.48,74.48,blackgram
16.8,120.5,202.3,23.31,94.7,6.2,101.6,apple
25.6,58.4,16.2,18.29,41.37,6.5,157.99,pigeonpeas
95.7,21.0,28.1,27.86,58.88,6.55,163.25,coffee
80.2,55.4,35.3,24.07,47.49,6.36,32.74,wheat
98.7,40.1,32.7,20.38,59.77,7.31,102.31,maize
85.6,60.9,52.2,20.3,63.64,5.52,180.62,turmeric
42.0,61.5,18.9,26.33,65.82,6.13,78.02,blackgram
19.5,35.6,27.4,23.08,64.31,6.49,54.38,groundnut
60.3,44.3,53.7,24.45,59.43,6.03,76.87,chilli
107.1,16.4,27.3,22.75,52.6,6.08,195.27,coffee
17.2,27.3,30.3,24.4,58.71,6.32,83.21,groundnut
80.7,52.9,51.1,21.25,60.35,5.72,101.59,turmeric
25.6,60.9,21.1,15.93,61.34,6.12,46.11,lentil
113.1,42.8,22.7,27.99,81.01,6.68,67.8,cotton
75.6,49.6,42.4,24.73,76.55,6.58,194.59,jute
21.7,15.3,34.7,30.29,94.66,5.7,203.16,coconut
18.2,58.4,18.4,23.18,55.26,6.44,152.44,pigeonpeas
75.2,46.7,52.4,27.55,69.02,6.83,115.16,turmeric
93.3,15.1,49.5,25.43,89.49,6.66,54.52,watermelon
105.6,71.2,54.9,28.71,82.67,6.5,119.22,banana
27.3,28.5,23.2,29.12,68.32,6.63,85.18,groundnut
102.8,14.4,47.0,30.28,94.02,6.23,20.34,muskmelon
20.2,132.8,198.1,21.74,92.7,6.3,108.84,apple
19.5,133.2,209.1,16.35,82.49,6.37,65.49,grapes
17.1,12.7,43.3,20.7,90.78,6.57,99.71,pomegranate
105.6,24.2,27.1,27.41,53.7,6.35,147.26,coffee
23.0,129.0,207.1,19.47,80.59,6.35,71.53,grapes
92.6,86.5,48.7,29.41,81.45,6.08,97.76,banana
22.2,64.5,19.4,22.66,63.19,6.3,56.2,lentil
15.9,132.4,204.3,24.98,93.13,5.56,112.89,apple
117.5,63.1,54.6,25.19,67.56,7.35,234.15,sugarcane
104.2,18.7,30.9,24.64,69.15,6.18,168.39,coffee
27.7,69.5,23.2,26.59,52.49,4.57,192.2,pigeonpeas
82.8,39.6,45.5,27.82,58.84,7.02,119.52,chilli
21.3,126.0,203.2,21.62,81.35,6.42,66.37,grapes
109.5,45.8,37.6,17.93,54.01,7.07,38.92,wheat
19.0,72.2,24.9,22.47,60.95,6.96,55.71,lentil
20.4,53.6,17.1,31.27,47.02,5.07,105.13,pigeonpeas
25.0,43.3,21.4,24.42,84.13,7.08,42.51,mungbean
94.0,72.6,52.2,31.43,83.44,5.82,90.66,banana
44.2,71.1,24.1,28.5,74.52,6.84,62.68,blackgram
26.6,63.9,75.8,24.45,23.14,6.83,73.64,chickpea
22.3,11.0,40.3,19.91,89.92,6.06,109.94,pomegranate
25.3,65.9,24.8,18.59,20.79,5.69,66.11,kidneybeans
61.6,38.1,42.4,29.91,61.07,6.73,107.47,chilli
24.7,61.2,19.4,20.8,23.13,5.59,74.76,kidneybeans
96.0,44.4,60.0,27.1,71.82,5.57,166.45,rice
21.1,26.7,22.9,23.96,66.54,6.46,72.39,groundnut
20.3,19.8,44.9,25.47,86.32,6.86,101.37,pomegranate
20.6,19.3,8.6,15.38,91.78,6.21,107.34,orange
23.8,47.6,37.5,26.0,79.54,6.24,62.31,soybean
109.8,53.6,21.1,23.43,77.38,5.79,90.75,cotton
20.9,16.8,33.7,31.7,48.5,5.75,102.89,mango
22.2,122.2,198.3,24.27,84.19,6.41,72.72,grapes
32.2,54.8,73.2,20.51,20.52,6.14,89.77,chickpea
91.8,50.7,27.8,13.01,55.27,7.02,34.6,wheat
105.8,89.2,51.5,26.22,84.69,6.19,117.87,banana
22.0,133.6,205.4,20.77,82.83,6.68,71.7,grapes
49.5,58.6,50.2,31.07,92.91,6.41,144.47,papaya
16.9,15.0,9.8,24.26,90.11,6.37,110.59,orange
22.9,18.3,27.6,29.35,53.51,6.21,102.33,mango
78.9,55.4,29.2,20.75,65.91,5.96,61.18,maize
107.5,18.1,50.7,30.47,94.83,6.45,27.7,muskmelon
99.5,23.7,34.9,22.4,69.2,6.76,147.08,coffee
